player_name,team_name,pos,games_played,g,a,pts,pims,sog,gwg,ppp,shp,hits,blk
Nikita Kucherov,TB,RW,82,41,87,128,62,246,8,48,0,44,31
Connor McDavid,EDM,C,78,41,75,116,20,240,9,33,2,39,30
Patrick Kane,CHI,RW,81,44,66,110,22,341,7,30,0,21,18
Leon Draisaitl,EDM,C,82,50,55,105,52,231,5,29,3,57,26
Brad Marchand,BOS,LW,79,36,64,100,96,231,9,34,7,46,19
Sidney Crosby,PIT,C,79,35,65,100,36,220,3,29,2,85,43
Nathan MacKinnon,COL,C,82,41,58,99,34,365,6,37,0,54,31
Johnny Gaudreau,CGY,LW,82,36,63,99,24,245,8,27,0,12,12
Steven Stamkos,TB,C,82,45,53,98,37,234,6,40,2,72,40
Aleksander Barkov,FLA,C,82,35,61,96,8,206,5,31,1,28,61
Mitch Marner,TOR,C,82,26,68,94,22,233,5,21,3,29,43
Brayden Point,TB,C,79,41,51,92,28,191,7,35,0,31,43
Jonathan Huberdeau,FLA,LW,82,30,62,92,40,226,5,34,0,57,45
Blake Wheeler,WPG,RW,82,20,71,91,60,231,3,33,3,81,53
Alex Ovechkin,WAS,LW,81,51,38,89,40,338,5,28,0,223,41
John Tavares,TOR,C,82,47,41,88,34,286,8,19,0,59,53
Mikko Rantanen,COL,RW,74,31,56,87,54,193,4,33,0,59,41
Artemi Panarin,NYR,LW,79,28,59,87,23,191,8,18,0,14,17
Claude Giroux,PHI,C,82,22,63,85,24,229,4,23,1,28,19
Mark Scheifele,WPG,C,82,38,46,84,38,199,6,23,3,54,54
Sebastian Aho,CAR,LW,82,30,53,83,26,243,7,24,5,65,34
Brent Burns,SJ,D,82,16,67,83,34,300,6,28,5,90,105
Sean Monahan,CGY,C,78,34,48,82,12,211,5,23,0,36,24
Jack Eichel,BUF,C,77,28,54,82,26,303,2,26,0,70,51
Phil Kessel,ARI,RW,82,27,55,82,28,215,10,36,0,12,18
David Pastrnak,BOS,RW,66,38,43,81,32,235,4,33,0,57,25
Jonathan Toews,CHI,C,82,35,46,81,40,235,5,23,1,42,44
Tyler Seguin,DAL,C,82,33,47,80,18,334,8,27,0,74,47
Patrice Bergeron,BOS,C,65,32,47,79,30,205,3,27,7,43,60
Elias Lindholm,CGY,RW,81,27,51,78,20,182,5,26,4,82,39
Matthew Tkachuk,CGY,LW,80,34,43,77,62,207,2,24,0,104,13
Ryan O'Reilly,STL,C,82,28,49,77,12,234,5,22,3,31,36
Alex DeBrincat,CHI,RW,82,41,35,76,15,220,3,24,0,35,26
Jake Guentzel,PIT,LW,82,40,36,76,26,227,4,11,1,105,47
Sean Couturier,PHI,C,80,33,43,76,34,223,5,17,1,40,60
Teuvo Teravainen,CAR,C,82,21,55,76,12,167,1,24,5,35,23
Gabriel Landeskog,COL,LW,73,34,41,75,51,243,9,27,0,120,64
Tomas Hertl,SJ,LW,77,35,39,74,18,176,5,15,2,53,64
Mika Zibanejad,NYR,C,82,30,44,74,47,236,5,23,2,134,66
Nicklas Backstrom,WAS,C,80,22,52,74,30,169,5,25,0,54,30
Mark Giordano,CGY,D,78,17,57,74,69,221,2,21,6,58,144
Auston Matthews,TOR,C,68,37,36,73,12,251,5,20,0,28,60
Mark Stone,VGK,RW,77,33,40,73,27,199,4,20,1,72,71
Dylan Larkin,DET,C,76,32,41,73,75,287,4,15,3,80,38
David Krejci,BOS,C,81,20,53,73,16,139,4,16,0,28,24
Alexander Radulov,DAL,RW,70,29,43,72,54,209,7,23,0,60,83
Max Domi,MON,C,82,28,44,72,80,203,2,11,0,53,39
Evgeny Kuznetsov,WAS,C,76,21,51,72,50,193,3,23,0,46,20
Evgeni Malkin,PIT,C,68,21,51,72,89,187,5,26,0,54,33
Morgan Rielly,TOR,D,82,20,52,72,14,223,5,21,0,61,114
Mike Hoffman,FLA,LW,82,36,34,70,30,253,6,35,0,42,26
Matt Duchene,NSH,C,73,31,39,70,8,172,1,14,0,28,40
Evgenii Dadonov,FLA,RW,82,28,42,70,8,195,4,17,0,33,42
Logan Couture,SJ,C,81,27,43,70,22,204,3,18,2,65,52
John Carlson,WAS,D,80,13,57,70,34,185,1,33,0,54,164
Cam Atkinson,CLS,RW,80,41,28,69,20,295,8,14,4,27,25
Ryan Nugent-Hopkins,EDM,LW,82,28,41,69,26,208,3,26,3,69,40
Vladimir Tarasenko,STL,RW,76,33,35,68,22,275,5,22,0,88,40
Kyle Connor,WPG,LW,82,34,32,66,18,227,5,19,1,9,21
Timo Meier,SJ,LW,78,30,36,66,55,250,2,10,1,99,40
Elias Pettersson,VAN,C,71,28,38,66,12,144,7,22,0,42,51
Jakub Voracek,PHI,LW,78,20,46,66,25,210,2,18,0,17,29
Sam Reinhart,BUF,C,82,22,43,65,16,180,1,15,0,38,47
Joe Pavelski,DAL,RW,75,38,26,64,22,188,6,21,1,69,61
Ryan Johansen,NSH,C,80,14,50,64,42,136,6,16,2,95,23
Jeff Skinner,BUF,LW,82,40,23,63,36,268,7,16,0,31,24
Mathew Barzal,NYI,C,82,18,44,62,46,179,3,18,0,25,56
Keith Yandle,FLA,D,82,9,53,62,50,199,2,39,0,47,76
Zach Parise,MIN,LW,74,28,33,61,26,229,5,16,2,49,71
Pierre-Luc Dubois,CLS,LW,82,27,34,61,64,174,5,9,0,115,52
Bo Horvat,VAN,C,82,27,34,61,33,227,3,18,3,62,63
Anze Kopitar,LA,C,81,22,38,60,30,156,3,19,2,59,66
Gustav Nyquist,CLS,RW,81,22,38,60,12,204,3,12,0,36,23
Erik Gustafsson,CHI,D,79,17,43,60,34,160,3,18,0,100,115
Jonathan Marchessault,VGK,LW,82,25,34,59,52,278,6,16,0,98,22
Tyson Barrie,TOR,D,78,14,45,59,36,218,2,25,0,48,93
Tomas Tatar,MON,LW,80,25,33,58,34,195,4,8,0,77,30
Dylan Strome,CHI,C,78,20,37,57,20,145,3,16,0,13,46
Evander Kane,SJ,LW,75,30,26,56,153,268,1,11,2,173,25
Ryan Dzingel,CAR,C,78,26,30,56,29,159,5,11,0,54,38
Brock Boeser,VAN,RW,69,26,30,56,22,209,3,15,0,14,22
William Karlsson,VGK,C,82,24,32,56,16,169,5,14,3,51,55
Kevin Labanc,SJ,RW,82,17,39,56,36,130,4,20,0,66,16
Kris Letang,PIT,D,65,16,40,56,48,206,3,19,2,116,111
Josh Bailey,NYI,LW,82,16,40,56,21,126,4,14,1,19,32
Roman Josi,NSH,D,82,15,41,56,42,274,4,12,1,53,144
Kevin Hayes,PHI,C,71,19,36,55,12,156,2,11,3,58,15
Thomas Chabot,OTT,D,70,14,41,55,32,185,2,16,1,71,112
Andreas Athanasiou,DET,C,76,30,24,54,38,216,4,11,0,33,26
T.J. Oshie,WAS,RW,69,25,29,54,36,143,4,14,1,133,55
Brayden Schenn,STL,LW,72,17,37,54,40,159,5,12,0,111,31
Mikael Granlund,NSH,C,79,16,38,54,24,189,5,20,2,46,40
Victor Hedman,TB,D,70,12,42,54,44,182,4,25,1,59,97
Jamie Benn,DAL,C,78,27,26,53,56,189,2,11,0,142,71
Brock Nelson,NYI,C,82,25,28,53,28,181,3,8,1,51,55
Nino Niederreiter,CAR,RW,82,23,30,53,30,184,3,15,0,94,20
Justin Williams,FA,RW,82,23,30,53,44,237,5,14,0,55,32
Reilly Smith,VGK,RW,74,19,34,53,14,178,1,14,4,39,33
Jonathan Drouin,MON,C,81,18,35,53,26,190,3,16,0,55,23
Phillip Danault,MON,C,81,12,41,53,39,132,1,4,2,95,60
Torey Krug,BOS,D,64,6,47,53,33,151,2,30,0,53,60
Brendan Gallagher,MON,RW,82,33,19,52,49,302,4,7,0,126,31
Chris Kreider,NYR,LW,79,28,24,52,57,201,2,12,0,159,49
Eric Staal,MIN,C,81,22,30,52,34,215,6,15,1,41,28
Alex Tuch,VGK,RW,74,20,32,52,8,180,6,6,0,92,40
Anders Lee,NYI,C,82,28,23,51,58,204,5,16,0,103,51
Dustin Brown,LA,RW,72,22,29,51,24,180,3,12,2,150,29
Joe Thornton,SJ,C,73,16,35,51,20,90,4,15,0,17,14
Patrik Laine,WPG,RW,82,30,20,50,42,245,3,23,0,70,44
Filip Forsberg,NSH,RW,64,28,22,50,26,217,4,10,2,100,29
Kyle Palmieri,NJ,RW,74,27,23,50,42,224,2,18,0,98,35
Jacob Trouba,NYR,D,82,8,42,50,58,162,1,18,3,112,171
Travis Konecny,PHI,C,82,24,25,49,40,182,3,8,0,65,45
Carl Soderberg,ARI,C,82,23,26,49,26,188,2,10,3,99,67
Viktor Arvidsson,NSH,LW,58,34,14,48,26,195,7,4,3,18,23
James van Riemsdyk,PHI,LW,66,27,21,48,18,167,4,13,0,34,16
Anthony Mantha,DET,RW,67,25,23,48,30,198,1,13,0,67,23
Yanni Gourde,TB,LW,80,22,26,48,66,130,5,9,2,83,30
Ryan Getzlaf,ANH,C,67,14,34,48,58,133,2,11,0,150,74
Chris Tierney,OTT,C,81,9,39,48,26,116,1,10,0,30,54
Tyler Johnson,TB,C,80,29,18,47,28,163,4,8,1,50,32
Josh Anderson,CLS,RW,82,27,20,47,60,230,5,7,3,214,40
Jakub Vrana,WAS,RW,82,24,23,47,27,161,4,4,0,47,32
Brandon Saad,CHI,LW,80,23,24,47,12,195,3,6,3,52,25
Tyler Bertuzzi,DET,LW,73,21,26,47,36,131,4,6,0,76,39
Mikael Backlund,CGY,C,77,21,26,47,52,205,4,2,2,52,26
Andrew Shaw,CHI,C,63,19,28,47,71,135,3,6,0,128,36
Nico Hischier,NJ,C,69,17,30,47,24,160,3,11,0,53,44
Clayton Keller,ARI,C,82,14,33,47,24,200,5,19,0,16,21
J.T. Miller,VAN,C,75,13,34,47,30,108,4,20,0,115,23
Ryan Suter,MIN,D,82,7,40,47,41,136,2,15,2,78,109
David Perron,STL,RW,57,23,23,46,46,112,1,14,0,52,13
Brett Connolly,FLA,RW,81,22,24,46,24,139,5,2,0,53,25
Travis Zajac,NJ,C,80,19,27,46,20,120,3,12,2,66,38
Jeff Petry,MON,D,82,13,33,46,28,172,4,11,1,190,123
Seth Jones,CLS,D,75,9,37,46,28,184,4,10,3,106,133
Ryan McDonagh,TB,D,82,9,37,46,34,128,1,3,3,98,161
Brady Tkachuk,OTT,LW,71,22,23,45,75,214,3,10,0,174,26
John Klingberg,DAL,D,64,10,35,45,12,153,5,20,0,42,77
Drew Doughty,LA,D,82,8,37,45,44,154,1,24,1,168,120
Erik Karlsson,SJ,D,53,3,42,45,22,169,1,20,0,44,69
Kasperi Kapanen,TOR,RW,78,20,24,44,27,174,3,3,2,92,19
Nazem Kadri,COL,C,73,16,28,44,43,184,5,13,0,85,13
Oliver Ekman-Larsson,ARI,D,81,14,30,44,52,176,2,19,3,162,52
Zach Werenski,CLS,D,82,11,33,44,18,168,1,15,0,67,89
Rasmus Dahlin,BUF,D,82,9,35,44,34,177,4,20,0,97,66
Mattias Ekholm,NSH,D,80,8,36,44,47,146,3,7,2,68,107
Jakob Silfverberg,ANH,RW,73,24,19,43,28,163,4,11,3,38,43
Andreas Johnsson,TOR,LW,73,20,23,43,32,130,3,6,0,60,36
Rickard Rakell,ANH,C,69,18,25,43,27,194,2,13,0,82,38
Jared Spurgeon,MIN,D,82,14,29,43,20,152,0,11,1,91,145
Rasmus Ristolainen,BUF,D,78,5,38,43,38,182,2,17,0,235,121
Jake DeBrusk,BOS,LW,68,27,15,42,18,156,4,11,0,45,24
Jason Zucker,MIN,LW,81,21,21,42,28,214,5,14,0,87,38
Adam Henrique,ANH,C,82,18,24,42,24,122,3,13,1,78,71
Bobby Ryan,OTT,RW,78,15,27,42,35,160,1,16,0,77,49
Alex Kerfoot,TOR,C,78,15,27,42,38,116,1,16,0,22,29
Paul Stastny,VGK,C,50,13,29,42,30,103,2,4,2,35,15
Cody Eakin,VGK,C,78,22,19,41,16,120,3,4,3,88,35
Zach Hyman,TOR,RW,71,21,20,41,65,144,4,0,1,102,39
Alex Galchenyuk,PIT,RW,72,19,22,41,34,159,4,21,0,62,34
Bryan Little,WPG,C,82,15,26,41,26,126,5,7,2,62,29
Colin White,OTT,C,71,14,27,41,24,123,2,8,0,23,35
Alex Pietrangelo,STL,D,71,13,28,41,22,168,2,15,1,62,139
Darnell Nurse,EDM,D,82,10,31,41,87,196,1,9,1,162,146
Ryan Ellis,NSH,D,82,7,34,41,20,149,2,5,1,71,154
Max Pacioretty,VGK,LW,66,22,18,40,36,191,5,8,0,119,20
Tom Wilson,WAS,RW,63,22,18,40,128,130,2,5,2,200,52
Alex Killorn,TB,C,82,18,22,40,45,153,2,5,2,88,23
Micheal Ferland,VAN,LW,71,17,23,40,58,156,3,13,0,182,19
Mats Zuccarello,MIN,RW,48,12,28,40,24,104,1,15,0,57,43
Duncan Keith,CHI,D,82,6,34,40,70,141,1,3,1,42,144
Frank Vatrano,FLA,LW,81,24,15,39,38,208,1,8,0,139,74
Anthony Cirelli,TB,C,82,19,20,39,34,123,5,1,6,94,49
Dougie Hamilton,CAR,D,82,18,21,39,54,259,2,7,0,160,91
Vinnie Hinostroza,ARI,C,72,16,23,39,14,152,3,5,0,69,41
Kevin Fiala,MIN,LW,83,13,26,39,36,174,2,11,0,42,20
Damon Severson,NJ,D,82,11,28,39,58,146,0,12,1,83,87
Alex Chiasson,EDM,RW,73,22,16,38,32,123,1,15,2,85,31
Pavel Buchnevich,NYR,LW,64,21,17,38,13,119,1,12,0,60,20
Craig Smith,NSH,RW,76,21,17,38,20,205,2,8,0,77,33
Boone Jenner,CLS,LW,77,16,22,38,42,170,3,3,1,158,70
Tyler Bozak,STL,C,72,13,25,38,20,141,3,8,0,52,33
Derek Ryan,CGY,C,81,13,25,38,24,103,1,7,4,19,19
Nikolaj Ehlers,WPG,LW,62,21,16,37,15,158,4,7,0,27,16
Andrei Svechnikov,CAR,RW,82,20,17,37,62,189,3,5,0,123,26
Jordan Eberle,NYI,RW,78,19,18,37,17,160,5,12,0,36,35
Patric Hornqvist,PIT,RW,69,18,19,37,26,197,2,12,0,150,34
Patrick Marleau,SJ,LW,82,16,21,37,28,161,3,10,0,74,41
Artem Anisimov,OTT,C,78,15,22,37,14,142,1,4,1,25,33
Joonas Donskoi,COL,RW,80,14,23,37,10,115,4,3,0,36,36
Aaron Ekblad,FLA,D,82,13,24,37,47,180,1,10,0,114,88
Dominik Kahun,PIT,C,82,13,24,37,6,137,2,2,0,13,27
Shea Theodore,VGK,D,79,12,25,37,20,202,1,9,1,27,91
Taylor Hall,NJ,LW,33,11,26,37,16,113,3,12,0,22,29
Ryan Pulock,NYI,D,82,9,28,37,22,180,3,9,0,143,148
Shayne Gostisbehere,PHI,D,78,9,28,37,22,180,2,14,0,46,102
Jake Muzzin,TOR,D,80,9,28,37,47,141,1,5,1,172,134
Oliver Bjorkstrand,CLS,RW,77,23,13,36,8,161,1,3,0,43,34
Blake Coleman,NJ,C,78,22,14,36,71,213,3,3,5,225,44
Thomas Vanek,FA,LW,64,16,20,36,26,108,1,11,0,38,13
Lars Eller,WAS,C,81,13,23,36,37,163,1,3,3,69,47
Jaden Schwartz,STL,LW,69,11,25,36,16,183,1,5,0,61,27
Jared McCann,PIT,C,78,19,16,35,31,150,2,3,4,77,51
Ryan Strome,NYR,C,81,19,16,35,64,110,2,7,0,76,36
Bryan Rust,PIT,RW,72,18,17,35,24,141,4,0,4,119,59
Jimmy Vesey,BUF,LW,81,17,18,35,21,154,4,4,0,79,34
Nick Bonino,NSH,C,81,17,18,35,18,118,1,3,1,24,70
Nick Foligno,CLS,LW,73,17,18,35,44,141,2,4,0,175,51
Derek Stepan,ARI,C,72,15,20,35,14,195,3,3,3,50,51
Vince Dunn,STL,D,78,12,23,35,45,150,4,8,0,48,68
Justin Faulk,STL,D,82,11,24,35,47,217,3,10,0,156,121
Frans Nielsen,DET,C,72,10,25,35,14,120,4,8,1,79,44
Travis Sanheim,PHI,D,82,9,26,35,22,121,2,5,0,45,133
Brandon Montour,BUF,D,82,8,27,35,56,181,2,6,0,99,121
Mikkel Boedker,OTT,LW,71,7,28,35,6,88,1,7,0,54,28
Michael Frolik,CGY,LW,65,16,18,34,26,132,4,0,2,57,22
Ilya Kovalchuk,LA,RW,64,16,18,34,10,141,1,9,0,28,19
Conor Sheary,BUF,LW,78,14,20,34,12,147,3,6,0,29,29
Tyler Toffoli,LA,RW,82,13,21,34,23,226,3,5,0,39,23
Charlie Coyle,BOS,C,81,12,22,34,20,155,2,4,1,77,56
Danton Heinen,BOS,C,77,11,23,34,16,114,2,7,0,54,36
Jesperi Kotkaniemi,MON,C,79,11,23,34,26,134,2,5,0,66,41
Alexander Edler,VAN,D,56,10,24,34,54,128,2,17,1,127,166
Vincent Trocheck,FLA,C,55,10,24,34,54,158,1,13,1,112,42
T.J. Brodie,CGY,D,79,9,25,34,24,102,1,4,1,21,86
Ondrej Palat,TB,LW,64,8,26,34,20,100,1,8,0,104,34
Casey Cizikas,NYI,C,73,20,13,33,36,111,3,0,3,129,68
Anthony Duclair,OTT,LW,74,19,14,33,14,132,3,8,0,32,33
Oskar Lindblom,PHI,LW,81,17,16,33,20,162,2,3,0,68,52
Alex Iafallo,LA,C,82,15,18,33,22,148,2,6,0,87,54
Shea Weber,MON,D,58,14,19,33,28,166,3,6,0,129,110
Richard Panik,WAS,RW,75,14,19,33,44,140,2,2,1,137,52
Jeff Carter,LA,C,76,13,20,33,42,174,1,13,2,80,30
Miro Heiskanen,DAL,D,82,12,21,33,16,182,4,8,1,34,71
Robert Thomas,STL,C,70,9,24,33,14,80,0,7,0,13,22
Jesper Bratt,NJ,LW,51,8,25,33,6,91,1,8,0,36,22
Noah Hanifin,CGY,D,80,5,28,33,12,116,2,5,2,87,83
J.T. Compher,COL,C,66,16,16,32,31,118,3,9,3,33,59
Mark Jankowski,CGY,C,79,14,18,32,12,99,1,0,8,30,56
Scott Laughton,PHI,C,82,12,20,32,53,130,1,0,2,146,46
Esa Lindell,DAL,D,82,11,21,32,33,132,1,7,2,143,161
Mikhail Sergachev,TB,D,75,6,26,32,28,128,0,6,0,97,93
Valtteri Filppula,DET,C,72,17,14,31,16,78,4,0,1,12,34
Jason Pominville,FA,RW,73,16,15,31,4,134,3,2,0,18,20
Paul Byron,MON,C,56,15,16,31,17,94,3,1,3,114,36
Oskar Sundqvist,STL,C,74,14,17,31,22,113,2,1,2,101,31
Nolan Patrick,PHI,C,72,13,18,31,27,115,3,2,0,72,26
Artturi Lehkonen,MON,LW,82,11,20,31,32,176,4,0,0,120,39
Vladislav Namestnikov,OTT,C,78,11,20,31,44,119,3,3,5,140,62
Antoine Roussel,VAN,LW,65,9,22,31,118,84,1,0,0,87,50
Nick Ritchie,ANH,LW,60,9,22,31,82,96,2,9,0,123,31
Tyler Myers,VAN,D,80,9,22,31,63,156,3,7,2,97,99
P.K. Subban,NJ,D,63,9,22,31,60,168,1,10,1,56,75
Jaccob Slavin,CAR,D,82,8,23,31,18,146,1,7,2,70,133
Josh Morrissey,WPG,D,59,6,25,31,14,95,2,10,2,55,107
Dustin Byfuglien,WPG,D,42,4,27,31,69,115,1,16,0,77,51
Marcus Sorensen,SJ,RW,80,17,13,30,23,100,1,0,2,88,29
Wayne Simmonds,NJ,RW,79,17,13,30,99,157,2,8,0,137,28
Radek Faksa,DAL,C,81,15,15,30,54,114,1,3,2,103,65
Colton Sissons,NSH,RW,75,15,15,30,23,111,3,2,1,109,52
Mathieu Perreault,WPG,C,82,15,15,30,44,95,3,7,0,127,25
Marcus Johansson,BUF,LW,58,13,17,30,8,115,1,9,0,28,24
Nate Schmidt,VGK,D,61,9,21,30,8,112,1,8,0,37,100
Will Butcher,NJ,D,78,4,26,30,18,108,1,14,0,38,74
Anthony DeAngelo,NYR,D,61,4,26,30,77,111,0,10,0,54,82
Jake Gardiner,CAR,D,62,3,27,30,26,78,0,5,0,61,64
Brandon Tanev,PIT,LW,80,14,15,29,41,127,0,0,3,278,81
Kyle Okposo,BUF,RW,78,14,15,29,41,147,2,11,0,87,27
Loui Eriksson,VAN,RW,81,11,18,29,22,107,2,3,0,3,28
Devin Shore,ANH,C,76,10,19,29,13,82,4,5,2,94,64
Evan Rodrigues,BUF,C,74,9,20,29,25,168,1,4,3,33,33
Mikko Koivu,MIN,C,48,8,21,29,22,89,0,12,1,13,32
Connor Brown,OTT,RW,82,8,21,29,16,85,0,1,3,35,37
Brett Pesce,CAR,D,73,7,22,29,24,98,2,0,2,53,131
Colin Miller,BUF,D,65,3,26,29,44,131,0,13,0,122,64
Dmitry Orlov,WAS,D,82,3,26,29,33,101,0,1,0,137,103
Ryan Murray,CLS,D,56,1,28,29,10,71,0,1,0,27,93
Anthony Beauvillier,NYI,LW,81,18,10,28,8,156,4,2,0,87,35
Adrian Kempe,LA,C,81,12,16,28,50,118,2,4,0,86,21
Jordan Staal,CAR,C,50,11,17,28,26,121,1,2,0,122,18
Colton Parayko,STL,D,80,10,18,28,15,176,3,8,1,127,157
Lucas Wallmark,CAR,C,81,10,18,28,36,131,4,7,0,82,39
Patrick Maroon,TB,LW,74,10,18,28,64,118,3,11,0,135,7
Zack Smith,CHI,C,70,9,19,28,81,101,1,0,3,136,27
Dominik Simon,PIT,C,71,8,20,28,18,121,0,3,0,89,19
Charlie McAvoy,BOS,D,54,7,21,28,45,79,3,2,1,92,91
Hampus Lindholm,ANH,D,76,6,22,28,44,125,0,6,1,81,133
Oscar Klefbom,EDM,D,61,5,23,28,16,167,2,11,0,44,102
Brent Seabrook,CHI,D,78,5,23,28,41,165,1,10,1,124,180
Kevin Shattenkirk,TB,D,73,2,26,28,20,148,0,7,0,73,104
Brad Richardson,ARI,C,66,19,8,27,22,128,3,0,6,63,55
Tanner Pearson,VAN,LW,80,18,9,27,25,147,1,5,0,128,41
Sam Bennett,CGY,LW,71,13,14,27,93,115,2,6,0,121,27
Colin Wilson,COL,LW,65,12,15,27,8,104,2,7,0,55,31
Alexander Steen,STL,LW,65,10,17,27,14,114,0,5,2,55,50
Jason Spezza,TOR,C,76,8,19,27,29,121,1,12,0,16,30
Mike Matheson,FLA,D,75,8,19,27,44,129,2,6,2,63,132
Nikolay Goldobin,VAN,RW,63,7,20,27,18,105,1,9,1,15,21
William Nylander,TOR,C,54,7,20,27,16,130,0,6,0,16,14
Nick Cousins,MON,C,81,7,20,27,35,144,2,3,0,115,51
Samuel Girard,COL,D,82,4,23,27,6,116,0,9,0,65,90
Niklas Kronwall,FA,D,79,3,24,27,40,71,0,8,0,84,96
Alex Goligoski,ARI,D,76,3,24,27,16,102,0,7,2,79,154
Zack Kassian,EDM,RW,79,15,11,26,102,111,3,0,1,191,15
Nick Bjugstad,PIT,C,64,14,12,26,30,154,2,6,0,126,27
Ivan Barbashev,STL,LW,80,14,12,26,17,60,1,0,2,86,31
Mathieu Joseph,TB,RW,70,13,13,26,26,95,1,0,2,129,14
Ryan Hartman,MIN,RW,83,12,14,26,74,145,2,0,0,107,39
Matt Calvert,COL,LW,82,11,15,26,58,141,0,2,2,115,51
Tyson Jost,COL,C,70,11,15,26,14,114,3,5,0,48,35
Calle Jarnkrok,NSH,C,79,10,16,26,12,106,1,2,1,56,22
Brock McGinn,CAR,LW,82,10,16,26,20,123,0,0,1,137,38
Cody Ceci,TOR,D,74,7,19,26,18,132,2,1,0,120,142
Ivan Provorov,PHI,D,82,7,19,26,32,145,1,2,0,123,149
Neal Pionk,WPG,D,73,6,20,26,35,132,1,13,1,138,98
Leo Komarov,NYI,LW,82,6,20,26,42,78,1,0,0,203,38
Mike Green,DET,D,43,5,21,26,28,92,0,3,0,60,56
Nick Leddy,NYI,D,82,4,22,26,18,116,0,10,0,77,89
Jake Virtanen,VAN,LW,70,15,10,25,44,154,1,2,0,154,37
Jordan Martinook,CAR,LW,82,15,10,25,38,146,5,0,1,199,46
Pavel Zacha,NJ,C,61,13,12,25,15,99,2,6,3,68,24
Casey Mittelstadt,BUF,C,77,12,13,25,10,118,1,10,0,30,16
Pontus Aberg,TOR,LW,59,12,13,25,20,101,1,7,0,45,11
Andre Burakovsky,COL,LW,76,12,13,25,14,100,4,1,0,35,29
Andrew Copp,WPG,C,69,11,14,25,6,82,2,0,1,71,34
Lawson Crouse,ARI,LW,81,11,14,25,67,131,1,0,2,288,44
Ryan Donato,MIN,C,56,10,15,25,6,139,1,8,0,24,21
Matt Niskanen,PHI,D,80,8,17,25,41,143,1,2,1,167,137
Brady Skjei,NYR,D,78,8,17,25,44,126,1,0,1,178,119
Nick Schmaltz,ARI,RW,40,7,18,25,8,62,2,8,0,5,12
Erik Johnson,COL,D,80,7,18,25,38,144,1,0,0,124,143
Michal Kempny,WAS,D,71,6,19,25,60,111,3,0,0,84,135
Mattias Janmark,DAL,C,81,6,19,25,24,105,0,1,1,28,44
Andy Greene,NJ,D,82,5,20,25,16,104,0,2,4,67,208
Marc-Edouard Vlasic,SJ,D,72,3,22,25,10,100,0,1,0,23,114
Marcus Pettersson,PIT,D,84,2,23,25,66,87,0,5,1,101,108
Alexander Wennberg,CLS,C,75,2,23,25,12,64,0,6,3,34,32
Brian Boyle,FLA,C,73,18,6,24,38,123,4,9,2,145,50
Josh Leivo,VAN,LW,76,14,10,24,32,151,2,7,0,44,23
Jordan Greenway,MIN,LW,81,12,12,24,29,109,0,0,0,57,40
Miles Wood,NJ,LW,63,10,14,24,91,159,1,3,0,97,27
Jack Roslovic,WPG,RW,77,9,15,24,4,74,0,7,0,32,21
David Savard,CLS,D,82,8,16,24,36,124,1,0,0,122,123
Kenny Agostino,TOR,LW,63,6,18,24,34,79,0,5,0,143,14
Daniel Sprong,ANH,RW,63,14,9,23,10,125,3,5,0,35,14
Derick Brassard,NYI,C,70,14,9,23,39,110,0,5,0,102,15
Joel Armia,MON,RW,57,13,10,23,14,134,2,6,1,113,21
Drake Caggiula,CHI,LW,55,12,11,23,28,96,2,0,1,135,26
Adam Lowry,WPG,LW,78,12,11,23,33,105,3,0,3,223,49
Filip Chytil,NYR,C,75,11,12,23,8,133,2,7,0,29,21
Luke Glendening,DET,RW,78,10,13,23,15,102,1,0,3,198,102
Cal Clutterbuck,NYI,RW,73,8,15,23,44,95,2,3,1,209,40
Brendan Leipsic,WAS,LW,62,7,16,23,24,92,1,4,0,56,28
Kyle Turris,NSH,C,55,7,16,23,33,78,1,6,0,24,15
Brett Howden,NYR,C,66,6,17,23,14,74,1,2,0,64,47
Cam Fowler,ANH,D,59,5,18,23,20,88,2,6,1,32,91
Ron Hainsey,OTT,D,81,5,18,23,21,81,0,0,1,91,144
Filip Hronek,DET,D,46,5,18,23,30,73,0,5,1,66,32
Braydon Coburn,TB,D,74,4,19,23,34,113,0,0,0,96,62
Matt Nieto,COL,LW,64,4,19,23,8,86,1,0,3,50,26
Brian Dumoulin,PIT,D,76,3,20,23,20,99,0,0,4,141,129
Troy Stecher,VAN,D,78,2,21,23,32,105,0,2,1,91,96
Josh Archibald,EDM,RW,68,12,10,22,15,92,1,0,1,161,39
Markus Granlund,EDM,C,77,12,10,22,20,123,1,3,1,46,24
Mathew Dumba,MIN,D,32,12,10,22,21,93,1,12,0,60,43
Roope Hintz,DAL,LW,58,9,13,22,24,99,3,6,0,87,36
Nic Dowd,WAS,C,64,8,14,22,20,47,3,0,1,97,37
Jason Dickinson,DAL,C,67,6,16,22,23,94,2,0,0,106,50
Jordie Benn,VAN,D,81,5,17,22,39,93,1,0,0,124,128
Dylan DeMelo,OTT,D,77,4,18,22,32,109,0,3,1,121,130
Brenden Dillon,SJ,D,82,1,21,22,61,71,0,0,1,202,78
Brendan Perlini,CHI,LW,68,14,7,21,28,117,0,4,0,51,22
Austin Wagner,LA,LW,62,12,9,21,16,67,0,0,0,142,9
Troy Brouwer,FA,RW,75,12,9,21,47,86,1,0,1,177,38
Kyle Clifford,LA,LW,72,11,10,21,96,115,2,1,0,115,24
Sean Kuraly,BOS,C,71,8,13,21,38,134,3,0,0,129,35
Jordan Weal,MON,C,63,8,13,21,18,75,1,6,0,28,26
Adam Pelech,NYI,D,78,5,16,21,24,110,0,0,0,149,116
Markus Nutivaara,CLS,D,80,5,16,21,6,99,1,0,0,80,61
Ondrej Kase,ANH,RW,30,11,9,20,2,94,2,4,0,17,11
Ryan Reaves,VGK,RW,80,9,11,20,74,95,2,3,0,305,24
Oscar Lindberg,FA,C,55,9,11,20,28,91,0,1,0,104,27
Jesper Fast,NYR,RW,66,8,12,20,26,80,1,0,0,120,47
Zach Sanford,STL,LW,60,8,12,20,21,77,2,1,0,48,37
Adam Erne,DET,LW,65,7,13,20,40,70,3,2,0,159,26
Matt Cullen,FA,C,71,7,13,20,14,87,2,0,4,32,31
David Backes,BOS,RW,70,7,13,20,31,129,1,7,0,140,30
Carter Rowney,ANH,C,62,7,13,20,12,53,0,0,1,178,35
Milan Lucic,CGY,LW,79,6,14,20,91,74,0,4,0,259,22
Jordan Oesterle,ARI,D,71,6,14,20,12,77,0,7,0,58,139
Danny DeKeyser,DET,D,52,5,15,20,39,59,3,0,0,79,94
Robert Hagg,PHI,D,82,5,15,20,63,86,1,0,0,258,158
Ben Chiarot,MON,D,78,5,15,20,62,111,1,0,1,171,139
Ben Hutton,LA,D,69,5,15,20,43,114,1,8,1,55,102
Travis Boyd,WAS,C,53,5,15,20,6,35,1,2,0,13,21
Jakob Chychrun,ARI,D,53,5,15,20,28,117,0,8,0,74,77
Radko Gudas,WAS,D,77,4,16,20,63,136,0,0,0,255,133
Adam Larsson,EDM,D,82,3,17,20,44,117,0,0,1,256,128
Nick Jensen,WAS,D,80,2,18,20,21,94,0,0,1,82,105
Chris Wagner,BOS,RW,76,12,7,19,51,135,1,0,0,247,38
Magnus Paajarvi,FA,LW,80,11,8,19,6,119,1,0,2,65,67
Garnet Hathaway,WAS,RW,76,11,8,19,56,77,5,0,2,200,36
Riley Sheahan,EDM,C,82,9,10,19,17,110,2,0,2,72,44
Brian Gibbons,CAR,C,64,8,11,19,20,50,0,0,0,40,29
Marcus Foligno,MIN,LW,82,7,12,19,55,91,0,1,1,206,43
Travis Hamonic,CGY,D,69,7,12,19,33,128,1,0,3,44,167
James Neal,EDM,RW,63,7,12,19,28,141,1,6,0,46,19
Justin Abdelkader,DET,LW,71,6,13,19,38,95,0,2,1,185,34
Carl Hagelin,WAS,LW,58,5,14,19,30,99,2,0,0,64,20
David Kampf,CHI,RW,63,4,15,19,14,72,0,0,0,39,30
Scott Mayfield,NYI,D,79,4,15,19,68,104,0,0,1,118,159
Zach Bogosian,BUF,D,65,3,16,19,52,93,0,1,1,83,116
Johnny Boychuk,NYI,D,74,3,16,19,25,157,1,3,1,144,120
Rasmus Andersson,CGY,D,79,2,17,19,23,115,0,2,0,52,83
Conor Garland,ARI,RW,47,13,5,18,12,118,2,6,0,33,17
Tyler Ennis,OTT,LW,51,12,6,18,2,81,1,5,0,49,14
Brandon Pirri,VGK,C,31,12,6,18,6,82,3,4,0,29,13
Christian Fischer,ARI,RW,71,11,7,18,27,116,0,0,0,124,19
Michael Rasmussen,DET,C,62,8,10,18,29,74,0,4,0,84,28
Henrik Borgstrom,FLA,C,50,8,10,18,4,54,0,7,0,11,12
Blake Comeau,DAL,LW,77,7,11,18,42,102,2,0,0,208,40
Austin Czarnik,CGY,C,54,6,12,18,8,65,3,3,0,10,24
Michael Raffl,PHI,LW,67,6,12,18,32,65,1,0,1,96,29
Ryan Carpenter,CHI,C,68,5,13,18,8,102,0,0,2,126,17
Zemgus Girgensons,BUF,C,72,5,13,18,17,78,0,0,0,144,29
Devon Toews,NYI,D,48,5,13,18,4,81,2,4,0,24,30
Alec Martinez,LA,D,60,4,14,18,8,78,2,2,0,78,135
Jonas Brodin,MIN,D,82,4,14,18,30,111,2,1,1,61,135
Matt Grzelcyk,BOS,D,66,3,15,18,68,90,0,6,0,46,60
Jujhar Khaira,EDM,C,60,3,15,18,43,64,0,0,2,123,33
Cedric Paquette,TB,C,80,13,4,17,80,87,1,0,2,269,61
Brendan Lemieux,NYR,LW,63,12,5,17,108,67,1,0,0,129,31
Zach Aston-Reese,PIT,C,43,8,9,17,26,76,1,0,1,138,37
Tomas Nosek,VGK,LW,68,8,9,17,18,116,1,0,1,75,23
Sven Andrighetto,FA,RW,64,7,10,17,14,95,1,0,0,29,32
Darren Helm,DET,C,61,7,10,17,20,107,0,0,4,50,26
Ryan Callahan,OTT,RW,52,7,10,17,14,76,3,1,1,89,25
Barclay Goodrow,SJ,LW,82,7,10,17,76,84,3,0,1,125,68
Luke Kunin,MIN,C,49,6,11,17,27,88,1,1,0,67,34
Andrew Cogliano,DAL,LW,78,6,11,17,22,106,1,1,0,68,32
Brett Kulak,MON,D,57,6,11,17,31,102,3,0,1,107,64
Matt Benning,EDM,D,70,5,12,17,33,94,0,1,1,109,59
Travis Dermott,TOR,D,64,4,13,17,22,98,0,0,0,100,57
Sami Vatanen,NJ,D,50,4,13,17,22,107,0,5,0,68,77
Jay Bouwmeester,STL,D,78,3,14,17,40,82,1,0,0,61,127
Anton Stralman,FLA,D,47,2,15,17,8,57,0,1,0,59,71
Scott Harrington,CLS,D,73,2,15,17,23,54,0,0,0,73,81
Melker Karlsson,SJ,C,79,12,4,16,26,79,2,0,0,67,39
Michael Grabner,ARI,RW,41,9,7,16,8,65,1,0,9,28,15
Tyler Motte,VAN,C,74,9,7,16,10,114,1,0,2,200,52
Austin Watson,NSH,LW,37,7,9,16,39,64,1,1,0,109,28
Denis Malgin,FLA,C,50,7,9,16,14,66,0,1,0,40,21
Dennis Cholowski,DET,D,52,7,9,16,16,71,1,9,0,18,50
Erik Cernak,TB,D,58,5,11,16,58,107,1,1,0,198,79
Dan Girardi,FA,D,62,4,12,16,12,75,0,0,1,151,108
Brayden McNabb,VGK,D,81,4,12,16,52,84,1,0,1,200,139
Josh Manson,ANH,D,74,3,13,16,62,96,0,0,1,184,90
Kris Russell,EDM,D,72,3,13,16,27,63,0,0,1,93,185
Justin Braun,PHI,D,78,2,14,16,35,105,0,1,0,121,120
Alex Biega,DET,D,41,2,14,16,22,91,0,1,0,101,43
Warren Foegele,CAR,LW,77,10,5,15,20,106,3,0,0,126,19
Eric Fehr,FA,RW,72,7,8,15,30,67,0,0,1,40,48
Max Lajoie,OTT,D,56,7,8,15,20,79,0,8,0,34,82
Pierre-Edouard Bellemare,COL,C,76,6,9,15,6,108,0,0,2,71,51
Colton Sceviour,FLA,RW,59,5,10,15,15,116,0,1,0,89,58
MacKenzie Weegar,FLA,D,64,4,11,15,64,79,2,1,0,127,103
Nick Holden,VGK,D,61,3,12,15,14,77,0,0,2,104,76
Jon Merrill,VGK,D,57,3,12,15,53,72,0,0,1,71,72
Ian Cole,COL,D,71,2,13,15,115,82,0,0,0,107,178
Justin Schultz,PIT,D,29,2,13,15,4,47,0,6,0,25,41
Sven Baertschi,VAN,LW,26,9,5,14,6,43,0,7,0,18,13
Nikita Zadorov,COL,D,70,7,7,14,75,100,0,0,0,228,67
Joel Eriksson Ek,MIN,C,58,7,7,14,20,111,2,0,0,117,24
Noel Acciari,FLA,C,72,6,8,14,47,99,2,0,0,221,36
Brandon Dubinsky,CLS,C,61,6,8,14,36,63,0,0,1,147,28
Matt Martin,NYI,LW,67,6,8,14,53,62,1,0,0,275,42
Johan Larsson,BUF,C,73,6,8,14,37,79,0,0,1,112,44
Zdeno Chara,BOS,D,62,5,9,14,57,99,2,3,0,81,88
Rudolfs Balcers,OTT,LW,36,5,9,14,10,48,1,4,0,18,24
Derek Grant,ANH,C,56,4,10,14,14,74,1,0,1,92,29
Jake McCabe,BUF,D,59,4,10,14,35,64,0,0,1,103,99
Frederik Gauthier,TOR,C,70,3,11,14,12,46,0,0,0,98,28
Trevor van Riemsdyk,CAR,D,78,3,11,14,10,102,1,0,0,42,84
Nikita Zaitsev,OTT,D,81,3,11,14,18,71,0,0,0,139,151
Derek Forbort,LA,D,81,2,12,14,52,75,1,0,0,105,139
Olli Maatta,CHI,D,60,1,13,14,12,74,1,4,0,97,116
Calvin de Haan,CHI,D,74,1,13,14,20,102,1,0,0,187,106
Andrew Mangiapane,CGY,LW,44,8,5,13,12,65,1,0,0,43,17
Michael Amadio,LA,C,43,6,7,13,6,37,0,0,0,16,13
Sam Gagner,EDM,C,32,6,7,13,14,68,1,1,0,21,7
Marco Scandella,BUF,D,63,6,7,13,26,83,1,0,1,53,75
Connor Murphy,CHI,D,52,5,8,13,40,84,1,0,0,119,91
Rocco Grimaldi,NSH,C,53,5,8,13,10,81,0,0,0,32,20
Nate Thompson,MON,C,78,5,8,13,17,71,0,0,0,87,44
Drew Stafford,FA,RW,57,5,8,13,18,77,0,2,0,50,19
Vladimir Sobotka,BUF,C,69,5,8,13,26,71,0,0,1,87,30
Brett Seney,NJ,LW,51,5,8,13,31,49,0,1,0,48,15
Troy Terry,ANH,C,32,4,9,13,2,25,0,6,0,4,12
Brendan Smith,NYR,D,63,4,9,13,71,66,0,0,1,100,48
John Moore,BOS,D,61,4,9,13,26,97,1,3,0,77,76
Jay Beagle,VAN,C,57,3,10,13,18,45,0,0,1,102,33
Marc Staal,NYR,D,79,3,10,13,32,84,0,0,0,94,119
Tim Heed,SJ,D,37,2,11,13,10,41,0,3,0,16,31
Jack Johnson,PIT,D,82,1,12,13,41,86,0,2,2,233,147
Par Lindholm,BOS,C,65,1,12,13,18,65,0,0,0,58,55
Victor Mete,MON,D,71,0,13,13,6,65,0,0,0,21,95
Tyler Pitlick,PHI,C,47,8,4,12,6,75,1,1,0,93,27
Jayce Hawryluk,FLA,C,42,7,5,12,16,35,0,1,0,101,25
Joakim Nordstrom,BOS,C,70,7,5,12,13,103,3,0,0,86,52
Tage Thompson,BUF,RW,65,7,5,12,20,108,0,1,0,66,9
Kiefer Sherwood,ANH,LW,50,6,6,12,8,60,1,0,0,79,19
Brad Hunt,MIN,D,42,5,7,12,8,75,1,8,0,18,28
Adam Gaudette,VAN,C,56,5,7,12,18,55,1,2,0,48,15
Christian Wolanin,OTT,D,30,4,8,12,6,36,1,3,0,11,31
Marcus Kruger,FA,C,74,4,8,12,30,74,2,0,1,51,34
Jamie Oleksiak,DAL,D,57,4,8,12,45,55,0,0,0,135,59
Jean-Gabriel Pageau,OTT,C,39,4,8,12,14,83,0,0,0,63,38
Derrick Pouliot,STL,D,62,3,9,12,30,58,1,1,0,76,71
Nathan Beaulieu,WPG,D,48,3,9,12,39,60,0,1,0,60,42
Riley Nash,CLS,C,78,3,9,12,19,79,1,0,0,72,43
Trevor Lewis,LA,C,44,3,9,12,9,87,1,0,0,53,25
Deryk Engelland,VGK,D,74,2,10,12,18,105,1,0,0,165,152
Chris Tanev,VAN,D,55,2,10,12,18,51,0,0,0,29,122
Henri Jokiharju,BUF,D,38,0,12,12,16,62,0,1,0,48,37
Matt Luff,LA,RW,33,8,3,11,9,45,2,1,0,17,19
Lukas Radil,SJ,LW,36,7,4,11,6,40,2,0,0,29,9
Sam Steel,ANH,C,22,6,5,11,8,33,0,2,1,9,6
Greg McKegg,NYR,C,41,6,5,11,8,27,1,0,0,30,18
Chandler Stephenson,WAS,RW,64,5,6,11,0,36,0,0,1,38,33
Dale Weise,MON,RW,51,5,6,11,19,58,1,0,1,88,21
Ty Rattie,FA,RW,50,4,7,11,4,84,1,1,0,57,7
Taylor Fedun,DAL,D,54,4,7,11,14,86,0,2,1,19,58
Mike Reilly,MON,D,57,3,8,11,16,101,1,1,0,48,53
Andrew Ladd,NYI,LW,26,3,8,11,16,34,0,0,1,37,8
Joel Edmundson,CAR,D,64,2,9,11,68,102,1,0,0,128,106
Connor Carrick,NJ,D,34,2,9,11,19,42,1,1,0,25,37
Mirco Mueller,NJ,D,53,1,10,11,17,39,0,0,0,75,61
Mark Pysyk,FLA,D,70,1,10,11,26,64,0,0,1,133,89
Tobias Rieder,CGY,RW,67,0,11,11,8,92,0,2,0,69,44
Kevin Rooney,NJ,C,41,6,4,10,15,39,1,0,1,77,22
Corey Perry,DAL,RW,31,6,4,10,27,59,1,4,0,21,14
Teddy Blueger,PIT,C,28,6,4,10,15,33,1,0,3,52,14
Chris Kunitz,FA,LW,56,5,5,10,23,44,1,0,0,85,15
Boo Nieves,NYR,C,43,4,6,10,8,34,1,0,0,33,18
Sean Walker,LA,D,39,3,7,10,8,55,0,1,0,43,40
Tim Schaller,VAN,C,47,3,7,10,9,44,0,0,0,66,18
Matthew Peca,MON,C,39,3,7,10,4,35,0,0,1,33,21
Mason Appleton,WPG,C,36,3,7,10,4,29,1,0,0,28,12
Dryden Hunt,FLA,LW,31,3,7,10,8,53,0,0,0,65,9
Brandon Carlo,BOS,D,72,2,8,10,47,116,0,0,2,134,88
Erik Gudbranson,PIT,D,76,2,8,10,87,94,1,0,1,184,84
Robert Bortuzzo,STL,D,59,2,8,10,47,75,0,0,1,95,72
Madison Bowey,DET,D,50,2,8,10,46,48,1,0,0,72,63
Michael Del Zotto,ANH,D,42,1,9,10,8,45,0,0,0,129,53
Patrik Nemeth,DET,D,74,1,9,10,53,57,0,0,1,137,131
Christian Djoos,WAS,D,45,1,9,10,4,33,0,0,0,18,28
Christian Jaros,OTT,D,61,1,9,10,27,65,0,2,0,110,82
Niklas Hjalmarsson,ARI,D,82,0,10,10,44,57,0,0,2,45,187
Valeri Nichushkin,COL,LW,57,0,10,10,0,65,0,0,0,71,32
William Carrier,VGK,LW,54,8,1,9,29,85,1,0,0,277,13
Kyle Brodziak,FA,C,70,6,3,9,33,74,2,0,1,92,46
Jesse Puljujarvi,FA,RW,46,4,5,9,16,53,0,1,0,46,26
Mario Kempe,LA,LW,52,4,5,9,18,57,0,0,0,105,30
Tom Kuhnhackl,NYI,RW,36,4,5,9,10,30,0,0,1,48,41
Jacob De La Rose,DET,C,60,3,6,9,16,55,0,0,0,72,29
Victor Rask,MIN,C,49,3,6,9,8,55,0,2,0,40,12
Ryan Spooner,FA,C,52,3,6,9,2,67,1,1,0,39,7
Jakob Forsbacka-Karlsson,BOS,C,28,3,6,9,2,21,0,1,0,14,9
Gustav Forsling,CAR,D,43,3,6,9,30,57,0,0,0,38,38
Christoffer Ehn,DET,C,60,3,6,9,6,49,1,0,1,70,39
Drake Batherson,OTT,RW,20,3,6,9,6,18,2,3,0,17,21
Brooks Orpik,FA,D,53,2,7,9,32,43,0,0,0,131,78
Ben Lovejoy,FA,D,71,2,7,9,37,95,0,0,0,76,118
Roman Polak,DAL,D,77,1,8,9,69,77,0,0,0,191,152
Radim Simek,SJ,D,41,1,8,9,8,41,1,0,0,67,34
Andrew MacDonald,FA,D,47,0,9,9,18,41,0,0,2,30,95
Ryan Kesler,ANH,C,60,5,3,8,44,86,1,3,0,93,56
Saku Maenalanen,FA,LW,34,4,4,8,20,36,0,0,0,45,10
Devante Smith-Pelly,FA,RW,54,4,4,8,15,60,0,0,0,78,36
J.T. Brown,MIN,RW,56,3,5,8,29,56,0,0,0,99,16
Stefan Noesen,PIT,C,41,3,5,8,28,64,0,0,0,95,21
Antti Suomela,SJ,C,27,3,5,8,4,42,0,0,0,10,11
Oliver Kylington,CGY,D,38,3,5,8,10,21,1,0,0,11,41
Colby Cave,EDM,C,53,3,5,8,16,58,1,0,0,73,18
Trevor Moore,TOR,LW,25,2,6,8,2,26,0,0,0,15,7
Jan Rutta,TB,D,37,2,6,8,16,42,0,0,0,24,30
Yannick Weber,NSH,D,62,2,6,8,18,67,0,0,0,64,32
Trevor Daley,DET,D,44,2,6,8,12,47,1,0,1,14,53
Jason Demers,ARI,D,35,2,6,8,12,39,2,1,0,50,43
Garrett Wilson,TOR,LW,50,2,6,8,18,54,0,0,0,114,16
Dmitrij Jaskin,FA,RW,37,2,6,8,6,48,0,0,0,87,14
Gabriel Bourque,WPG,LW,55,2,6,8,10,34,1,0,1,100,48
Kevin Connauton,COL,D,50,1,7,8,22,75,0,0,2,108,75
Dylan Sikura,CHI,LW,33,0,8,8,0,52,0,0,0,3,10
Bogdan Kiselevich,FA,D,32,0,8,8,12,14,0,0,0,49,21
Joey Anderson,NJ,RW,34,4,3,7,6,49,1,0,1,42,11
Markus Hannikainen,CLS,RW,44,4,3,7,2,52,1,0,0,63,8
Jamie McGinn,FA,LW,19,4,3,7,6,23,1,1,0,34,3
Michael Dal Colle,NYI,LW,28,3,4,7,2,34,2,0,0,10,8
Philip Varone,MON,C,47,3,4,7,8,34,0,0,0,23,19
Miikka Salomaki,NSH,RW,37,3,4,7,8,51,0,0,0,72,20
Carl Gunnarsson,STL,D,25,3,4,7,6,21,1,0,1,11,35
Adam McQuaid,FA,D,50,3,4,7,42,28,1,0,1,122,88
Igor Ozhiganov,FA,D,53,3,4,7,14,43,0,0,0,57,48
Nick Seeler,MIN,D,71,2,5,7,64,67,1,0,0,78,116
Maxime Comtois,ANH,LW,10,2,5,7,7,9,1,0,0,27,3
Christian Dvorak,ARI,LW,20,2,5,7,2,25,1,1,0,16,7
Egor Yakovlev,FA,D,25,2,5,7,6,24,0,0,0,12,22
Erik Haula,CAR,C,15,2,5,7,10,26,0,1,0,11,6
Chris Wideman,ANH,D,25,2,5,7,18,27,1,1,0,35,26
Joe Morrow,NJ,D,41,1,6,7,20,40,0,0,0,37,37
Matt Irwin,NSH,D,44,1,6,7,38,50,0,0,0,80,37
Greg Pateryn,MIN,D,80,1,6,7,41,100,0,0,0,144,118
Taro Hirose,DET,LW,10,1,6,7,2,15,1,1,0,1,9
Joakim Ryan,LA,D,44,0,7,7,15,35,0,0,0,43,39
Kevan Miller,BOS,D,39,0,7,7,35,32,0,0,0,73,79
Carl Grundstrom,LA,LW,15,5,1,6,6,26,1,1,0,38,3
Jean-Sebastien Dea,BUF,C,23,4,2,6,8,29,1,0,0,21,12
Brandon Sutter,VAN,C,26,4,2,6,6,43,0,1,1,33,13
Brett Ritchie,BOS,RW,53,4,2,6,57,57,2,1,0,126,13
Lukas Sedlak,FA,C,47,4,2,6,10,43,0,0,0,69,20
Peter Cehlarik,BOS,C,20,4,2,6,6,30,1,1,0,5,7
Steve Kampfer,BOS,D,35,3,3,6,22,40,0,2,0,44,32
Sheldon Dries,COL,C,40,3,3,6,26,44,0,0,1,66,20
Alexandre Fortin,CHI,C,24,3,3,6,2,29,1,0,1,21,7
Lias Andersson,NYR,LW,42,2,4,6,29,41,0,0,1,60,8
Matt Roy,LA,D,25,2,4,6,8,34,1,0,0,38,47
Fredrik Claesson,CAR,D,37,2,4,6,9,44,0,0,1,76,33
Micheal Haley,NYR,LW,43,2,4,6,75,34,0,0,0,76,16
Slater Koekkoek,CHI,D,31,2,4,6,14,36,0,0,0,54,48
Robby Fabbri,STL,LW,32,2,4,6,6,43,1,0,0,30,8
Martin Frk,LA,RW,30,1,5,6,4,28,0,1,0,35,4
Dion Phaneuf,FA,D,67,1,5,6,53,80,0,0,0,128,79
Lawrence Pilut,BUF,D,33,1,5,6,20,37,0,0,0,20,33
Caleb Jones,EDM,D,17,1,5,6,6,21,0,1,0,20,18
Casey Nelson,BUF,D,38,1,5,6,13,37,0,0,0,44,36
Juho Lammikko,FA,RW,40,0,6,6,6,39,0,0,1,45,21
Dmitry Kulikov,WPG,D,57,0,6,6,47,40,0,0,0,88,71
Christian Folin,MON,D,45,0,6,6,27,47,0,0,0,125,78
Carl Dahlstrom,WPG,D,38,0,6,6,6,42,0,0,1,33,35
John Hayden,NJ,C,54,3,2,5,27,42,0,0,0,97,23
Charles Hudon,MON,LW,32,3,2,5,16,50,0,1,0,73,9
Ben Street,NJ,C,21,3,2,5,2,19,0,0,0,19,9
Alan Quine,CGY,C,13,3,2,5,6,11,0,1,0,14,2
Jonathan Ericsson,DET,D,52,3,2,5,35,48,1,0,0,98,56
Karson Kuhlman,BOS,C,11,3,2,5,2,15,1,0,0,6,4
Mackenzie MacEachern,STL,LW,29,3,2,5,10,33,1,0,0,49,4
Ryan Graves,COL,D,26,3,2,5,2,26,0,0,0,32,51
Josh Currie,EDM,RW,21,2,3,5,2,19,0,0,0,39,17
Paul LaDue,LA,D,33,2,3,5,12,33,1,0,0,51,25
Max Jones,ANH,LW,30,2,3,5,14,58,1,1,0,30,5
Gavin Bayreuther,DAL,D,19,2,3,5,10,25,0,2,0,11,19
Juuso Riikola,PIT,D,37,2,3,5,10,43,1,2,0,86,38
Nicolas Deslauriers,ANH,LW,48,2,3,5,22,48,0,0,1,135,22
Vladislav Kamenev,COL,C,23,2,3,5,10,22,0,1,1,20,4
Valentin Zykov,VGK,RW,28,2,3,5,2,29,0,2,0,26,6
Mark Borowiecki,OTT,D,53,1,4,5,89,59,0,0,0,212,93
Martin Marincin,TOR,D,24,1,4,5,12,34,0,0,0,21,21
Noah Juulsen,MON,D,21,1,4,5,6,22,0,0,0,60,39
Ben Harpur,TOR,D,51,1,4,5,56,50,0,0,0,89,69
Josh Mahura,ANH,D,17,1,4,5,4,20,0,3,0,6,18
Dillon Dube,CGY,C,25,1,4,5,4,22,0,0,0,11,3
Jacob Larsson,ANH,D,49,0,5,5,16,57,0,0,0,41,59
Dean Kukan,CLS,D,25,0,5,5,6,16,0,0,0,16,21
Dan Hamhuis,NSH,D,57,0,5,5,28,39,0,0,0,38,61
Michael Chaput,ARI,C,32,0,5,5,14,31,0,0,0,53,17
Michael Stone,CGY,D,14,0,5,5,10,12,0,0,0,27,16
Frederick Gaudreau,NSH,C,55,3,1,4,2,43,1,0,0,25,18
Alexander Nylander,CHI,RW,12,2,2,4,4,16,0,1,0,1,1
Oscar Fantenberg,VAN,D,61,2,2,4,17,70,0,0,0,91,74
Sammy Blais,STL,LW,32,2,2,4,6,27,0,0,0,93,12
Max Veronneau,OTT,RW,12,2,2,4,0,15,0,1,0,0,5
Victor Olofsson,BUF,LW,6,2,2,4,2,21,0,2,0,2,3
Patrik Berglund,FA,C,23,2,2,4,6,25,0,0,0,25,16
Brandon Manning,EDM,D,39,2,2,4,25,33,0,0,0,63,40
Kurtis Gabriel,PHI,RW,22,2,2,4,59,7,1,0,0,78,8
Corban Knight,FA,C,23,1,3,4,0,15,0,0,0,9,13
Steve Santini,NSH,D,39,1,3,4,16,41,0,0,0,80,43
Tomas Hyka,FA,RW,17,1,3,4,2,22,0,2,0,6,5
Phil Di Giuseppe,NYR,LW,24,1,3,4,8,31,0,0,0,54,9
Andy Welinski,PHI,D,26,1,3,4,8,32,0,0,0,47,18
Korbinian Holzer,ANH,D,22,1,3,4,8,15,0,0,0,61,38
Connor Brickley,NYR,C,14,1,3,4,9,18,0,0,0,35,6
Sami Niku,WPG,D,30,1,3,4,2,19,0,0,0,10,30
Andreas Martinsen,ANH,LW,24,1,3,4,14,21,0,0,0,83,9
Denis Gurianov,DAL,RW,21,1,3,4,0,23,0,1,0,23,9
Ross Johnston,NYI,LW,17,1,3,4,23,12,0,0,0,43,1
Jaycob Megna,VGK,D,28,1,3,4,12,31,0,0,0,32,29
Jonas Siegenthaler,WAS,D,26,0,4,4,10,12,0,0,0,31,44
Ilya Lyubushkin,ARI,D,41,0,4,4,13,27,0,0,0,150,61
Andrej Sekera,DAL,D,24,0,4,4,6,28,0,1,0,17,21
Thomas Hickey,NYI,D,40,0,4,4,33,47,0,0,1,40,71
Julius Honka,DAL,D,29,0,4,4,10,38,0,0,0,16,31
Ryan Poehling,MON,C,1,3,0,3,0,3,0,0,0,1,0
Nathan Bastian,NJ,RW,7,3,0,3,10,13,0,0,0,24,1
Jonny Brodzinski,SJ,RW,13,2,1,3,2,17,0,0,0,23,7
Gemel Smith,TB,C,17,2,1,3,0,14,0,0,0,13,3
Nicolas Petan,TOR,C,18,1,2,3,2,15,1,0,0,2,4
Brendan Gaunce,BOS,C,3,1,2,3,0,2,1,0,0,4,0
Zac Rinaldo,CGY,C,23,1,2,3,20,11,1,0,0,47,8
Jori Lehtera,FA,C,27,1,2,3,33,17,0,0,0,29,7
Filip Zadina,DET,LW,9,1,2,3,0,18,0,2,0,6,3
Anders Bjork,BOS,LW,20,1,2,3,2,18,0,0,0,9,12
Clark Bishop,CAR,C,20,1,2,3,6,16,0,0,0,39,5
Juuso Valimaki,CGY,D,24,1,2,3,12,28,1,0,0,21,43
Vinni Lettieri,NYR,C,27,1,2,3,14,40,0,2,0,41,11
Jordan Kyrou,STL,RW,16,1,2,3,4,16,0,0,0,2,3
Michael McLeod,NJ,C,21,0,3,3,13,21,0,0,0,41,4
Joseph Gambardella,EDM,C,15,0,3,3,2,7,0,0,0,14,5
Scott Wilson,BUF,LW,15,0,3,3,4,25,0,0,0,29,2
Kevin Gravel,TOR,D,36,0,3,3,4,44,0,0,0,31,53
Quinn Hughes,VAN,D,5,0,3,3,2,6,0,2,0,1,1
Matt Hendricks,FA,LW,26,0,3,3,19,23,0,0,0,40,8
Xavier Ouellet,MON,D,19,0,3,3,13,32,0,0,0,32,30
Anthony Bitetto,WPG,D,36,0,3,3,12,30,0,0,0,80,36
C.J. Smith,BUF,LW,11,2,0,2,0,18,1,0,0,4,1
Joel L'Esperance,DAL,C,18,2,0,2,6,24,0,1,0,22,4
Ian McCoshen,FLA,D,19,1,1,2,8,15,0,0,0,41,13
Chad Ruhwedel,PIT,D,18,1,1,2,4,22,1,0,0,40,16
Josh Ho-Sang,NYI,RW,10,1,1,2,6,10,0,0,0,0,3
Dalton Prout,SJ,D,20,1,1,2,8,14,0,0,0,36,20
Darren Archibald,TOR,RW,12,1,1,2,12,10,0,0,0,10,4
Martin Hanzal,DAL,C,7,1,1,2,4,14,0,1,0,14,4
Chris Butler,FA,D,13,1,1,2,0,10,0,0,0,17,17
A.J. Greer,COL,LW,15,1,1,2,14,9,0,0,0,20,5
Philippe Myers,PHI,D,21,1,1,2,2,25,0,0,0,42,8
Nick Paul,OTT,LW,20,1,1,2,4,30,0,0,0,28,4
Andrew Agozzino,PIT,LW,11,1,1,2,0,11,0,0,0,14,3
Tyler Lewington,WAS,D,2,1,1,2,7,3,0,0,0,4,1
Josh Brown,FLA,D,37,1,1,2,28,28,0,0,0,80,31
Martin Necas,CAR,C,7,1,1,2,2,6,0,0,0,3,2
Eeli Tolvanen,NSH,LW,4,1,1,2,0,2,0,1,0,4,2
Kailer Yamamoto,EDM,LW,17,1,1,2,2,13,0,1,0,18,11
Mikhail Vorobyov,PHI,C,15,1,1,2,2,10,0,0,0,4,4
Adam Johnson,PIT,C,6,0,2,2,0,3,0,0,0,11,3
Danick Martel,TB,C,9,0,2,2,8,16,0,0,0,12,1
Isac Lundestrom,ANH,LW,15,0,2,2,2,13,0,0,0,4,5
Matt Hunwick,BUF,D,14,0,2,2,4,10,0,0,0,6,9
Alex Petrovic,BOS,D,35,0,2,2,26,47,0,0,0,116,53
Tom Pyatt,FA,C,37,0,2,2,2,29,0,0,0,15,46
Luke Schenn,TB,D,26,0,2,2,16,30,0,0,0,105,39
David Schlemko,FA,D,18,0,2,2,4,29,0,2,0,29,45
Jordan Nolan,STL,RW,14,0,2,2,14,17,0,0,0,22,4
Jordan Schmaltz,TOR,D,20,0,2,2,2,11,0,0,0,10,22
Luke Witkowski,TB,RW,34,0,2,2,23,14,0,0,0,67,27
John Quenneville,CHI,C,19,1,0,1,4,16,1,0,0,21,7
Nikita Scherbak,FA,RW,8,1,0,1,2,12,0,0,0,9,1
Sonny Milano,CLS,LW,8,1,0,1,0,5,0,0,0,5,0
Max McCormick,CAR,LW,14,1,0,1,4,12,0,0,0,21,6
Matt Read,TOR,RW,12,1,0,1,2,13,0,0,0,11,8
Matt Puempel,DET,LW,8,1,0,1,2,10,0,1,0,4,5
Erik Condra,COL,RW,6,1,0,1,2,10,0,0,0,3,1
Mark Barberio,COL,D,12,1,0,1,4,11,0,0,0,13,14
Matt Beleskey,NYR,LW,4,1,0,1,5,3,0,0,0,7,1
Matt Bartkowski,MIN,D,2,1,0,1,0,2,0,0,0,1,1
Tomas Plekanec,FA,C,3,1,0,1,0,8,0,0,0,1,1
Cody McLeod,FA,LW,38,1,0,1,67,22,0,0,0,112,10
Jason Garrison,FA,D,17,1,0,1,8,16,0,1,0,13,23
Evan Bouchard,EDM,D,7,1,0,1,2,10,0,1,0,6,8
Zachary Senyshyn,BOS,RW,2,1,0,1,0,4,0,0,0,1,0
Jeremy Lauzon,BOS,D,16,1,0,1,2,11,1,0,0,15,15
Michael Bunting,ARI,LW,5,1,0,1,2,5,0,0,0,6,1
Filip Chlapik,OTT,C,5,1,0,1,4,9,0,0,0,1,4
Rourke Chartier,FA,C,13,1,0,1,2,19,0,0,0,14,3
Daniel Carr,NSH,LW,6,1,0,1,0,11,0,0,0,9,3
Calle Rosen,COL,D,4,1,0,1,0,5,0,0,0,1,2
Alex Formenton,OTT,LW,9,1,0,1,6,16,0,0,0,11,7
Alexandre Texier,CLS,C,2,1,0,1,0,6,0,0,0,2,1
Dominic Toninato,FLA,LW,2,1,0,1,0,1,0,0,0,0,1
Jacob MacDonald,COL,D,2,1,0,1,0,1,0,0,0,1,1
Kalle Kossila,TOR,C,8,1,0,1,4,11,1,0,0,5,3
Libor Hajek,NYR,D,5,1,0,1,6,10,0,0,0,5,3
Dante Fabbro,NSH,D,4,1,0,1,0,5,0,0,0,3,6
Tanner Fritz,NYI,LW,8,0,1,1,2,6,0,0,0,18,6
Blake Pietila,ANH,LW,19,0,1,1,6,22,0,0,0,36,8
Luke Johnson,MIN,C,15,0,1,1,8,19,0,1,0,31,9
Daniel Brickley,LA,D,4,0,1,1,0,2,0,0,0,5,4
Kristian Vesalainen,WPG,LW,5,0,1,1,0,1,0,0,0,1,1
Zach MacEwen,VAN,C,4,0,1,1,5,2,0,0,0,4,1
Jaret Anderson-Dolan,LA,C,5,0,1,1,0,6,0,0,0,5,2
Jacob Middleton,SJ,D,3,0,1,1,2,0,0,0,0,1,2
Kurtis MacDermid,LA,D,11,0,1,1,11,5,0,0,0,26,4
Nathan Walker,STL,C,3,0,1,1,2,2,0,0,0,5,0
Ashton Sautner,VAN,D,17,0,1,1,2,21,0,0,0,25,17
Brendan Guhle,ANH,D,8,0,1,1,4,15,0,0,0,9,7
Wade Megan,FA,C,11,0,1,1,2,16,0,0,0,4,4
Jimmy Schuldt,VGK,D,1,0,1,1,0,1,0,0,0,0,1
Benjamin Gleason,DAL,D,4,0,1,1,0,2,0,0,0,2,1
Connor Clifton,BOS,D,19,0,1,1,15,22,0,0,0,40,13
Eric Tangradi,FA,LW,6,0,1,1,0,10,0,0,0,11,4
Karl Alzner,MON,D,9,0,1,1,2,8,0,0,0,13,10
Justin Holl,TOR,D,11,0,1,1,2,6,0,0,0,9,5
Luca Sbisa,FA,D,9,0,1,1,4,5,0,0,0,17,7
Zac Dalpe,CLS,C,1,0,1,1,0,1,0,0,0,0,0
Stefan Elliott,FA,D,3,0,1,1,0,3,0,0,0,2,1
Ryan Murphy,FA,D,3,0,1,1,0,1,0,1,0,1,3
Matt Donovan,NSH,D,2,0,1,1,2,1,0,0,0,0,3
Kyle Rau,MIN,C,6,0,1,1,0,6,0,0,0,11,2
Sam Carrick,ANH,C,6,0,1,1,2,5,0,0,0,15,2
Zach Trotman,PIT,D,13,0,1,1,4,16,0,1,0,20,18
Cameron Schilling,WPG,D,4,0,1,1,0,2,0,0,0,3,5
Haydn Fleury,CAR,D,20,0,1,1,2,17,0,0,0,25,21
Jake Dotchin,STL,D,20,0,1,1,39,7,0,0,1,54,16
Justin Dowling,DAL,C,11,0,1,1,0,9,0,0,0,11,7
Brandon Davidson,CGY,D,10,0,1,1,15,7,0,0,0,17,15
Brian Lashoff,DET,D,4,0,1,1,2,2,0,0,0,3,4
Justin Bailey,VAN,RW,11,0,1,1,2,5,0,0,0,9,5
Dillon Heatherington,DAL,D,5,0,1,1,0,5,0,0,0,6,2
Remi Elie,BUF,LW,16,0,1,1,2,9,0,0,0,30,3
Trent Frederic,BOS,C,15,0,0,0,15,19,0,0,0,18,3
Tim Gettinger,NYR,LW,4,0,0,0,0,2,0,0,0,15,3
Vitali Abramov,OTT,RW,1,0,0,0,0,0,0,0,0,0,1
Ryan Lindgren,NYR,D,5,0,0,0,8,8,0,0,0,11,9
Janne Kuokkanen,CAR,LW,7,0,0,0,4,6,0,0,0,0,3
Dylan Gambrell,SJ,C,8,0,0,0,2,6,0,0,0,13,1
Nelson Nogier,WPG,D,1,0,0,0,0,1,0,0,0,0,1
John Gilmour,BUF,D,5,0,0,0,4,9,0,0,0,3,13
Rem Pitlick,NSH,C,1,0,0,0,2,0,0,0,0,0,0
Brandon Gignac,NJ,C,1,0,0,0,0,1,0,0,0,0,1
Colton White,NJ,D,3,0,0,0,2,1,0,0,0,2,2
Jack Rodewald,OTT,RW,6,0,0,0,0,2,0,0,0,8,3
Nick Lappin,STL,RW,11,0,0,0,0,11,0,0,0,16,3
Anthony Richard,NSH,C,1,0,0,0,0,0,0,0,0,0,1
Jake Chelios,FA,D,5,0,0,0,2,5,0,0,0,7,5
Logan Brown,OTT,C,2,0,0,0,0,2,0,0,0,0,1
Jake Bean,CAR,D,2,0,0,0,2,1,0,0,0,1,0
Patrick Russell,EDM,RW,6,0,0,0,2,6,0,0,0,9,2
Anton Lindholm,COL,D,2,0,0,0,0,0,0,0,0,1,1
Riley Stillman,FLA,D,1,0,0,0,2,1,0,0,0,5,0
Cooper Marody,EDM,C,6,0,0,0,0,6,0,0,0,0,0
Eric Robinson,CLS,LW,13,0,0,0,0,18,0,0,0,24,1
Sheldon Rempal,LA,LW,7,0,0,0,0,3,0,0,0,0,1
Anthony Greco,FLA,C,1,0,0,0,0,2,0,0,0,0,0
Maxim Mamin,FA,LW,7,0,0,0,5,8,0,0,0,10,1
Libor Sulak,FA,D,6,0,0,0,6,7,0,0,0,18,5
Erik Brannstrom,OTT,D,2,0,0,0,0,0,0,0,0,1,1
Urho Vaakanainen,BOS,D,2,0,0,0,0,2,0,0,0,0,0
Jakub Jerabek,FA,D,1,0,0,0,2,1,0,0,0,0,1
Justin Kloos,ANH,C,1,0,0,0,0,2,0,0,0,2,0
Ryan Lomberg,CGY,LW,4,0,0,0,17,1,0,0,0,12,0
Nikita Soshnikov,FA,LW,5,0,0,0,0,1,0,0,0,5,2
Joseph Blandisi,PIT,C,9,0,0,0,6,8,0,0,0,10,1
Dakota Mermis,NJ,D,1,0,0,0,0,0,0,0,0,0,0
Erik Burgdoerfer,WAS,D,4,0,0,0,2,2,0,0,0,16,0
Joe Hicketts,DET,D,11,0,0,0,0,16,0,0,0,17,27
Chase De Leo,ANH,C,1,0,0,0,0,4,0,0,0,1,0
Joel Hanley,DAL,D,16,0,0,0,2,9,0,0,0,16,16
Dominic Turgeon,DET,C,4,0,0,0,0,2,0,0,0,3,3
Louis Belpedio,MIN,D,2,0,0,0,0,0,0,0,0,1,4
Mark Friedman,PHI,D,1,0,0,0,0,1,0,0,0,1,0
Gabriel Carlsson,CLS,D,1,0,0,0,2,1,0,0,0,0,0
Guillaume Brisebois,VAN,D,8,0,0,0,0,5,0,0,0,3,7
Nicolas Roy,VGK,C,6,0,0,0,2,1,0,0,0,7,1
Jakub Zboril,BOS,D,2,0,0,0,0,1,0,0,0,3,0
Kole Sherwood,CLS,C,2,0,0,0,0,2,0,0,0,10,1
Dennis Gilbert,CHI,D,1,0,0,0,2,0,0,0,0,6,1
Kevin Stenlund,CLS,C,4,0,0,0,4,3,0,0,0,3,1
Kyle Capobianco,ARI,D,2,0,0,0,0,1,0,0,0,2,2
Anton Blidh,BOS,LW,1,0,0,0,0,0,0,0,0,6,1
Will Borgen,BUF,D,4,0,0,0,0,2,0,0,0,12,3
Brady Keeper,FLA,D,1,0,0,0,0,1,0,0,0,2,1
Nico Sturm,MIN,C,2,0,0,0,0,7,0,0,0,3,2
Brogan Rafferty,VAN,D,2,0,0,0,0,3,0,0,0,0,2
Blake Lizotte,LA,LW,1,0,0,0,0,1,0,0,0,0,1
Ryan Kuffner,DET,LW,10,0,0,0,0,8,0,0,0,4,5
Josh Teves,VAN,D,1,0,0,0,2,0,0,0,0,4,1
Colin Blackwell,NSH,C,6,0,0,0,2,5,0,0,0,10,3
Logan O'Connor,COL,C,5,0,0,0,0,1,0,0,0,4,1
Jacob Nilsson,CHI,C,2,0,0,0,0,0,0,0,0,1,1
Marc Methot,FA,D,9,0,0,0,6,3,0,0,0,15,10
Adam Cracknell,FA,C,2,0,0,0,0,3,0,0,0,6,0
Chris Thorburn,FA,RW,1,0,0,0,0,0,0,0,0,1,0
Lee Stempniak,FA,RW,2,0,0,0,0,0,0,0,0,2,0
Derek MacKenzie,FA,C,1,0,0,0,0,0,0,0,0,0,0
Patrick Eaves,ANH,RW,7,0,0,0,4,6,0,0,0,14,1
Mark Alt,COL,D,2,0,0,0,0,2,0,0,0,0,2
Anthony Peluso,EDM,RW,4,0,0,0,7,1,0,0,0,4,0
Stephen Gionta,FA,C,5,0,0,0,0,4,0,0,0,14,2
Dylan McIlrath,DET,D,7,0,0,0,4,6,0,0,0,19,7
Justin Falk,FA,D,10,0,0,0,11,7,0,0,0,36,9
Nate Prosser,PHI,D,15,0,0,0,2,10,0,0,0,17,13
Mark Letestu,WPG,C,2,0,0,0,0,1,0,0,0,3,0
Eric Gryba,FA,D,10,0,0,0,10,11,0,0,0,21,16
Cody Goloubef,OTT,D,5,0,0,0,2,3,0,0,0,13,5
Cameron Gaunce,TB,D,2,0,0,0,7,2,0,0,0,4,1
Brad Malone,EDM,C,16,0,0,0,4,13,0,0,0,35,5
Adam Clendening,CLS,D,4,0,0,0,0,3,0,0,0,1,3
Steven Fogarty,NYR,C,10,0,0,0,0,9,0,0,0,6,3
Paul Carey,BOS,RW,7,0,0,0,0,4,0,0,0,3,3
Matt Tennyson,NJ,D,4,0,0,0,0,4,0,0,0,10,2
Reid Boucher,VAN,RW,1,0,0,0,0,0,0,0,0,1,0
Cory Conacher,TB,LW,1,0,0,0,2,1,0,0,0,0,0
Nicolas Aube-Kubel,PHI,C,9,0,0,0,0,2,0,0,0,14,0
Joshua Jacobs,NJ,D,1,0,0,0,0,1,0,0,0,2,1
Andreas Englund,OTT,D,3,0,0,0,10,2,0,0,0,5,2
Kevin Roy,FLA,C,3,0,0,0,0,2,0,0,0,0,2
Danny O'Regan,NYR,C,1,0,0,0,0,2,0,0,0,0,0
Trevor Carrick,SJ,D,1,0,0,0,5,0,0,0,0,1,1
Curtis Lazar,BUF,C,1,0,0,0,0,0,0,0,0,0,1
Andrej Sustr,FA,D,5,0,0,0,6,6,0,0,0,3,7
Samuel Morin,PHI,D,5,0,0,0,4,5,0,0,0,9,7
Kerby Rychel,FA,LW,2,0,0,0,0,1,0,0,0,3,1
Laurent Dauphin,NSH,C,1,0,0,0,0,2,0,0,0,0,1
Marko Dano,CLS,C,8,0,0,0,7,3,0,0,0,16,3
Tyrell Goulbourne,VGK,LW,2,0,0,0,0,3,0,0,0,6,0
